metric,method,scale,value,retained_fraction
PSNR,Noisy,1.000000,32.360554,
PSNR,Noisy,2.000000,29.379446,
PSNR,Noisy,3.000000,27.626797,
PSNR,Noisy,4.000000,26.382397,
PSNR,Noisy,5.000000,25.417310,
PSNR,Noisy,6.000000,24.626251,
PSNR,Noisy,7.000000,23.961957,
PSNR,Noisy,8.000000,23.382785,
PSNR,Noisy,9.000000,22.874354,
PSNR,Noisy,10.000000,22.420122,
PSNR,N2V,1.000000,42.625815,
PSNR,N2V,2.000000,40.880237,
PSNR,N2V,3.000000,39.684169,
PSNR,N2V,4.000000,38.783544,
PSNR,N2V,5.000000,38.046687,
PSNR,N2V,6.000000,37.407098,
PSNR,N2V,7.000000,36.837119,
PSNR,N2V,8.000000,36.291188,
PSNR,N2V,9.000000,35.773562,
PSNR,N2V,10.000000,35.277456,
PSNR,PN2V,1.000000,42.849263,
PSNR,PN2V,2.000000,40.862282,
PSNR,PN2V,3.000000,39.703479,
PSNR,PN2V,4.000000,38.919408,
PSNR,PN2V,5.000000,38.326906,
PSNR,PN2V,6.000000,37.861554,
PSNR,PN2V,7.000000,37.479500,
PSNR,PN2V,8.000000,37.146274,
PSNR,PN2V,9.000000,36.855642,
PSNR,PN2V,10.000000,36.600304,
PSNR,PPN2V,1.000000,45.015676,
PSNR,PPN2V,2.000000,42.189482,
PSNR,PPN2V,3.000000,40.065437,
PSNR,PPN2V,4.000000,38.457861,
PSNR,PPN2V,5.000000,37.182950,
PSNR,PPN2V,6.000000,36.151917,
PSNR,PPN2V,7.000000,35.300045,
PSNR,PPN2V,8.000000,34.581307,
PSNR,PPN2V,9.000000,33.956907,
PSNR,PPN2V,10.000000,33.397603,
PSNR,DeepCAD-RT,1.000000,47.264782,
PSNR,DeepCAD-RT,2.000000,46.849797,
PSNR,DeepCAD-RT,3.000000,46.484335,
PSNR,DeepCAD-RT,4.000000,46.194511,
PSNR,DeepCAD-RT,5.000000,45.925682,
PSNR,DeepCAD-RT,6.000000,45.698795,
PSNR,DeepCAD-RT,7.000000,45.483384,
PSNR,DeepCAD-RT,8.000000,45.299040,
PSNR,DeepCAD-RT,9.000000,45.134744,
PSNR,DeepCAD-RT,10.000000,44.959754,
PSNR,λ = 0.001 (T=1),1.000000,45.525005,
PSNR,λ = 0.001 (T=1),2.000000,45.487148,
PSNR,λ = 0.001 (T=1),3.000000,45.457644,
PSNR,λ = 0.001 (T=1),4.000000,45.434480,
PSNR,λ = 0.001 (T=1),5.000000,45.413288,
PSNR,λ = 0.001 (T=1),6.000000,45.396574,
PSNR,λ = 0.001 (T=1),7.000000,45.379935,
PSNR,λ = 0.001 (T=1),8.000000,45.364155,
PSNR,λ = 0.001 (T=1),9.000000,45.350797,
PSNR,λ = 0.001 (T=1),10.000000,45.336177,
PSNR,λ = 0.001 (T=3),1.000000,45.527402,
PSNR,λ = 0.001 (T=3),2.000000,45.475755,
PSNR,λ = 0.001 (T=3),3.000000,45.437432,
PSNR,λ = 0.001 (T=3),4.000000,45.409597,
PSNR,λ = 0.001 (T=3),5.000000,45.385950,
PSNR,λ = 0.001 (T=3),6.000000,45.366691,
PSNR,λ = 0.001 (T=3),7.000000,45.348895,
PSNR,λ = 0.001 (T=3),8.000000,45.333007,
PSNR,λ = 0.001 (T=3),9.000000,45.318345,
PSNR,λ = 0.001 (T=3),10.000000,45.303554,
PSNR,λ = 0.1 (T=1),1.000000,35.822006,
PSNR,λ = 0.1 (T=1),2.000000,32.813308,
PSNR,λ = 0.1 (T=1),3.000000,31.048530,
PSNR,λ = 0.1 (T=1),4.000000,29.868094,
PSNR,λ = 0.1 (T=1),5.000000,28.897117,
PSNR,λ = 0.1 (T=1),6.000000,28.104293,
PSNR,λ = 0.1 (T=1),7.000000,27.433556,
PSNR,λ = 0.1 (T=1),8.000000,26.847780,
PSNR,λ = 0.1 (T=1),9.000000,26.332825,
PSNR,λ = 0.1 (T=1),10.000000,25.880083,
PSNR,λ = 0.1 (T=3),1.000000,35.890336,
PSNR,λ = 0.1 (T=3),2.000000,32.877222,
PSNR,λ = 0.1 (T=3),3.000000,31.110245,
PSNR,λ = 0.1 (T=3),4.000000,29.851834,
PSNR,λ = 0.1 (T=3),5.000000,28.879751,
PSNR,λ = 0.1 (T=3),6.000000,28.085603,
PSNR,λ = 0.1 (T=3),7.000000,27.413860,
PSNR,λ = 0.1 (T=3),8.000000,26.827517,
PSNR,λ = 0.1 (T=3),9.000000,26.312434,
PSNR,λ = 0.1 (T=3),10.000000,25.858725,
PSNR,λ = RL,1.000000,39.348851,
PSNR,λ = RL,2.000000,36.080866,
PSNR,λ = RL,3.000000,34.453653,
PSNR,λ = RL,4.000000,33.171976,
PSNR,λ = RL,5.000000,32.184676,
PSNR,λ = RL,6.000000,31.379766,
PSNR,λ = RL,7.000000,30.609051,
PSNR,λ = RL,8.000000,30.018066,
PSNR,λ = RL,9.000000,29.500956,
PSNR,λ = RL,10.000000,29.125542,
SSIM,Noisy,1.000000,0.617652,
SSIM,Noisy,2.000000,0.450048,
SSIM,Noisy,3.000000,0.354645,
SSIM,Noisy,4.000000,0.292962,
SSIM,Noisy,5.000000,0.249714,
SSIM,Noisy,6.000000,0.217650,
SSIM,Noisy,7.000000,0.193050,
SSIM,Noisy,8.000000,0.173367,
SSIM,Noisy,9.000000,0.157438,
SSIM,Noisy,10.000000,0.144197,
SSIM,N2V,1.000000,0.960997,
SSIM,N2V,2.000000,0.934674,
SSIM,N2V,3.000000,0.910519,
SSIM,N2V,4.000000,0.887744,
SSIM,N2V,5.000000,0.866052,
SSIM,N2V,6.000000,0.845228,
SSIM,N2V,7.000000,0.825439,
SSIM,N2V,8.000000,0.805969,
SSIM,N2V,9.000000,0.787225,
SSIM,N2V,10.000000,0.768934,
SSIM,PN2V,1.000000,0.956759,
SSIM,PN2V,2.000000,0.928360,
SSIM,PN2V,3.000000,0.906502,
SSIM,PN2V,4.000000,0.888871,
SSIM,PN2V,5.000000,0.873959,
SSIM,PN2V,6.000000,0.861152,
SSIM,PN2V,7.000000,0.849869,
SSIM,PN2V,8.000000,0.839495,
SSIM,PN2V,9.000000,0.829999,
SSIM,PN2V,10.000000,0.821443,
SSIM,PPN2V,1.000000,0.974635,
SSIM,PPN2V,2.000000,0.947359,
SSIM,PPN2V,3.000000,0.914155,
SSIM,PPN2V,4.000000,0.878875,
SSIM,PPN2V,5.000000,0.843432,
SSIM,PPN2V,6.000000,0.809331,
SSIM,PPN2V,7.000000,0.777376,
SSIM,PPN2V,8.000000,0.747760,
SSIM,PPN2V,9.000000,0.720123,
SSIM,PPN2V,10.000000,0.693877,
SSIM,DeepCAD-RT,1.000000,0.992803,
SSIM,DeepCAD-RT,2.000000,0.991837,
SSIM,DeepCAD-RT,3.000000,0.990909,
SSIM,DeepCAD-RT,4.000000,0.990051,
SSIM,DeepCAD-RT,5.000000,0.989235,
SSIM,DeepCAD-RT,6.000000,0.988478,
SSIM,DeepCAD-RT,7.000000,0.987730,
SSIM,DeepCAD-RT,8.000000,0.987009,
SSIM,DeepCAD-RT,9.000000,0.986331,
SSIM,DeepCAD-RT,10.000000,0.985659,
SSIM,λ = 0.001 (T=1),1.000000,0.989216,
SSIM,λ = 0.001 (T=1),2.000000,0.989055,
SSIM,λ = 0.001 (T=1),3.000000,0.988920,
SSIM,λ = 0.001 (T=1),4.000000,0.988804,
SSIM,λ = 0.001 (T=1),5.000000,0.988695,
SSIM,λ = 0.001 (T=1),6.000000,0.988601,
SSIM,λ = 0.001 (T=1),7.000000,0.988508,
SSIM,λ = 0.001 (T=1),8.000000,0.988417,
SSIM,λ = 0.001 (T=1),9.000000,0.988334,
SSIM,λ = 0.001 (T=1),10.000000,0.988249,
SSIM,λ = 0.001 (T=3),1.000000,0.989213,
SSIM,λ = 0.001 (T=3),2.000000,0.989016,
SSIM,λ = 0.001 (T=3),3.000000,0.988858,
SSIM,λ = 0.001 (T=3),4.000000,0.988727,
SSIM,λ = 0.001 (T=3),5.000000,0.988609,
SSIM,λ = 0.001 (T=3),6.000000,0.988507,
SSIM,λ = 0.001 (T=3),7.000000,0.988408,
SSIM,λ = 0.001 (T=3),8.000000,0.988314,
SSIM,λ = 0.001 (T=3),9.000000,0.988225,
SSIM,λ = 0.001 (T=3),10.000000,0.988137,
SSIM,λ = 0.1 (T=1),1.000000,0.829552,
SSIM,λ = 0.1 (T=1),2.000000,0.710897,
SSIM,λ = 0.1 (T=1),3.000000,0.623011,
SSIM,λ = 0.1 (T=1),4.000000,0.557804,
SSIM,λ = 0.1 (T=1),5.000000,0.503604,
SSIM,λ = 0.1 (T=1),6.000000,0.459228,
SSIM,λ = 0.1 (T=1),7.000000,0.422178,
SSIM,λ = 0.1 (T=1),8.000000,0.390539,
SSIM,λ = 0.1 (T=1),9.000000,0.363400,
SSIM,λ = 0.1 (T=1),10.000000,0.340166,
SSIM,λ = 0.1 (T=3),1.000000,0.831070,
SSIM,λ = 0.1 (T=3),2.000000,0.712742,
SSIM,λ = 0.1 (T=3),3.000000,0.624903,
SSIM,λ = 0.1 (T=3),4.000000,0.556687,
SSIM,λ = 0.1 (T=3),5.000000,0.502387,
SSIM,λ = 0.1 (T=3),6.000000,0.457907,
SSIM,λ = 0.1 (T=3),7.000000,0.420801,
SSIM,λ = 0.1 (T=3),8.000000,0.389140,
SSIM,λ = 0.1 (T=3),9.000000,0.362013,
SSIM,λ = 0.1 (T=3),10.000000,0.338745,
SSIM,λ = RL,1.000000,0.916884,
SSIM,λ = RL,2.000000,0.832054,
SSIM,λ = RL,3.000000,0.784010,
SSIM,λ = RL,4.000000,0.731396,
SSIM,λ = RL,5.000000,0.685901,
SSIM,λ = RL,6.000000,0.645986,
SSIM,λ = RL,7.000000,0.598254,
SSIM,λ = RL,8.000000,0.566838,
SSIM,λ = RL,9.000000,0.538812,
SSIM,λ = RL,10.000000,0.525024,
AUC,Noisy,1.000000,0.994501,
AUC,Noisy,2.000000,0.971772,
AUC,Noisy,3.000000,0.925728,
AUC,Noisy,4.000000,0.804456,
AUC,Noisy,5.000000,0.652122,
AUC,Noisy,6.000000,0.553649,
AUC,Noisy,7.000000,0.505108,
AUC,Noisy,8.000000,0.483878,
AUC,Noisy,9.000000,0.462633,
AUC,Noisy,10.000000,0.444518,
AUC,N2V,1.000000,0.983004,
AUC,N2V,2.000000,0.978792,
AUC,N2V,3.000000,0.968608,
AUC,N2V,4.000000,0.936533,
AUC,N2V,5.000000,0.889126,
AUC,N2V,6.000000,0.839548,
AUC,N2V,7.000000,0.794310,
AUC,N2V,8.000000,0.732727,
AUC,N2V,9.000000,0.673127,
AUC,N2V,10.000000,0.587872,
AUC,PN2V,1.000000,0.973148,
AUC,PN2V,2.000000,0.957290,
AUC,PN2V,3.000000,0.942541,
AUC,PN2V,4.000000,0.902640,
AUC,PN2V,5.000000,0.838629,
AUC,PN2V,6.000000,0.773649,
AUC,PN2V,7.000000,0.731126,
AUC,PN2V,8.000000,0.672440,
AUC,PN2V,9.000000,0.621840,
AUC,PN2V,10.000000,0.553756,
AUC,PPN2V,1.000000,0.976583,
AUC,PPN2V,2.000000,0.959075,
AUC,PPN2V,3.000000,0.943035,
AUC,PPN2V,4.000000,0.880800,
AUC,PPN2V,5.000000,0.790714,
AUC,PPN2V,6.000000,0.738046,
AUC,PPN2V,7.000000,0.710341,
AUC,PPN2V,8.000000,0.653001,
AUC,PPN2V,9.000000,0.588482,
AUC,PPN2V,10.000000,0.508769,
AUC,DeepCAD-RT,1.000000,0.927316,
AUC,DeepCAD-RT,2.000000,0.855204,
AUC,DeepCAD-RT,3.000000,0.795910,
AUC,DeepCAD-RT,4.000000,0.771601,
AUC,DeepCAD-RT,5.000000,0.719684,
AUC,DeepCAD-RT,6.000000,0.695840,
AUC,DeepCAD-RT,7.000000,0.668019,
AUC,DeepCAD-RT,8.000000,0.653548,
AUC,DeepCAD-RT,9.000000,0.608427,
AUC,DeepCAD-RT,10.000000,0.579760,
AUC,λ = 0.001 (T=1),1.000000,0.096456,
AUC,λ = 0.001 (T=1),2.000000,0.054937,
AUC,λ = 0.001 (T=1),3.000000,0.035696,
AUC,λ = 0.001 (T=1),4.000000,0.029620,
AUC,λ = 0.001 (T=1),5.000000,0.024051,
AUC,λ = 0.001 (T=1),6.000000,0.017722,
AUC,λ = 0.001 (T=1),7.000000,0.016203,
AUC,λ = 0.001 (T=1),8.000000,0.016203,
AUC,λ = 0.001 (T=1),9.000000,0.015443,
AUC,λ = 0.001 (T=1),10.000000,0.013165,
AUC,λ = 0.001 (T=3),1.000000,0.110633,
AUC,λ = 0.001 (T=3),2.000000,0.052405,
AUC,λ = 0.001 (T=3),3.000000,0.028354,
AUC,λ = 0.001 (T=3),4.000000,0.017975,
AUC,λ = 0.001 (T=3),5.000000,0.012405,
AUC,λ = 0.001 (T=3),6.000000,0.009873,
AUC,λ = 0.001 (T=3),7.000000,0.006582,
AUC,λ = 0.001 (T=3),8.000000,0.004810,
AUC,λ = 0.001 (T=3),9.000000,0.003291,
AUC,λ = 0.001 (T=3),10.000000,0.003291,
AUC,λ = 0.1 (T=1),1.000000,0.997621,
AUC,λ = 0.1 (T=1),2.000000,0.981944,
AUC,λ = 0.1 (T=1),3.000000,0.955325,
AUC,λ = 0.1 (T=1),4.000000,0.914765,
AUC,λ = 0.1 (T=1),5.000000,0.854680,
AUC,λ = 0.1 (T=1),6.000000,0.801024,
AUC,λ = 0.1 (T=1),7.000000,0.725327,
AUC,λ = 0.1 (T=1),8.000000,0.639687,
AUC,λ = 0.1 (T=1),9.000000,0.557497,
AUC,λ = 0.1 (T=1),10.000000,0.480676,
AUC,λ = 0.1 (T=3),1.000000,0.997241,
AUC,λ = 0.1 (T=3),2.000000,0.981129,
AUC,λ = 0.1 (T=3),3.000000,0.956455,
AUC,λ = 0.1 (T=3),4.000000,0.915413,
AUC,λ = 0.1 (T=3),5.000000,0.853870,
AUC,λ = 0.1 (T=3),6.000000,0.807775,
AUC,λ = 0.1 (T=3),7.000000,0.729562,
AUC,λ = 0.1 (T=3),8.000000,0.641877,
AUC,λ = 0.1 (T=3),9.000000,0.562919,
AUC,λ = 0.1 (T=3),10.000000,0.483595,
AUC,λ = RL,1.000000,0.996602,
AUC,λ = RL,2.000000,0.987203,
AUC,λ = RL,3.000000,0.966163,
AUC,λ = RL,4.000000,0.933920,
AUC,λ = RL,5.000000,0.889340,
AUC,λ = RL,6.000000,0.850311,
AUC,λ = RL,7.000000,0.799147,
AUC,λ = RL,8.000000,0.737515,
AUC,λ = RL,9.000000,0.683077,
AUC,λ = RL,10.000000,0.611063,
F1,Noisy,1.000000,0.987026,
F1,Noisy,2.000000,0.952366,
F1,Noisy,3.000000,0.899924,
F1,Noisy,4.000000,0.804399,
F1,Noisy,5.000000,0.600963,
F1,Noisy,6.000000,0.401307,
F1,Noisy,7.000000,0.269585,
F1,Noisy,8.000000,0.186431,
F1,Noisy,9.000000,0.136343,
F1,Noisy,10.000000,0.104875,
F1,N2V,1.000000,0.984841,
F1,N2V,2.000000,0.979950,
F1,N2V,3.000000,0.934737,
F1,N2V,4.000000,0.893728,
F1,N2V,5.000000,0.855663,
F1,N2V,6.000000,0.783369,
F1,N2V,7.000000,0.712391,
F1,N2V,8.000000,0.678393,
F1,N2V,9.000000,0.642253,
F1,N2V,10.000000,0.593737,
F1,PN2V,1.000000,0.975280,
F1,PN2V,2.000000,0.957763,
F1,PN2V,3.000000,0.933291,
F1,PN2V,4.000000,0.874899,
F1,PN2V,5.000000,0.758447,
F1,PN2V,6.000000,0.658632,
F1,PN2V,7.000000,0.632845,
F1,PN2V,8.000000,0.608876,
F1,PN2V,9.000000,0.585175,
F1,PN2V,10.000000,0.547278,
F1,PPN2V,1.000000,0.977990,
F1,PPN2V,2.000000,0.960338,
F1,PPN2V,3.000000,0.931072,
F1,PPN2V,4.000000,0.784240,
F1,PPN2V,5.000000,0.738467,
F1,PPN2V,6.000000,0.715348,
F1,PPN2V,7.000000,0.682556,
F1,PPN2V,8.000000,0.638621,
F1,PPN2V,9.000000,0.580993,
F1,PPN2V,10.000000,0.501739,
F1,DeepCAD-RT,1.000000,0.902643,
F1,DeepCAD-RT,2.000000,0.850728,
F1,DeepCAD-RT,3.000000,0.797309,
F1,DeepCAD-RT,4.000000,0.743473,
F1,DeepCAD-RT,5.000000,0.695850,
F1,DeepCAD-RT,6.000000,0.662028,
F1,DeepCAD-RT,7.000000,0.617812,
F1,DeepCAD-RT,8.000000,0.579243,
F1,DeepCAD-RT,9.000000,0.549467,
F1,DeepCAD-RT,10.000000,0.526936,
F1,λ = 0.001 (T=1),1.000000,0.302638,
F1,λ = 0.001 (T=1),2.000000,0.196262,
F1,λ = 0.001 (T=1),3.000000,0.134900,
F1,λ = 0.001 (T=1),4.000000,0.103103,
F1,λ = 0.001 (T=1),5.000000,0.080912,
F1,λ = 0.001 (T=1),6.000000,0.074900,
F1,λ = 0.001 (T=1),7.000000,0.060678,
F1,λ = 0.001 (T=1),8.000000,0.048766,
F1,λ = 0.001 (T=1),9.000000,0.046825,
F1,λ = 0.001 (T=1),10.000000,0.045653,
F1,λ = 0.001 (T=3),1.000000,0.354121,
F1,λ = 0.001 (T=3),2.000000,0.193614,
F1,λ = 0.001 (T=3),3.000000,0.109842,
F1,λ = 0.001 (T=3),4.000000,0.069621,
F1,λ = 0.001 (T=3),5.000000,0.042168,
F1,λ = 0.001 (T=3),6.000000,0.032580,
F1,λ = 0.001 (T=3),7.000000,0.025674,
F1,λ = 0.001 (T=3),8.000000,0.016924,
F1,λ = 0.001 (T=3),9.000000,0.014323,
F1,λ = 0.001 (T=3),10.000000,0.010510,
F1,λ = 0.1 (T=1),1.000000,0.988145,
F1,λ = 0.1 (T=1),2.000000,0.972848,
F1,λ = 0.1 (T=1),3.000000,0.914120,
F1,λ = 0.1 (T=1),4.000000,0.882394,
F1,λ = 0.1 (T=1),5.000000,0.804578,
F1,λ = 0.1 (T=1),6.000000,0.762141,
F1,λ = 0.1 (T=1),7.000000,0.725012,
F1,λ = 0.1 (T=1),8.000000,0.658605,
F1,λ = 0.1 (T=1),9.000000,0.580071,
F1,λ = 0.1 (T=1),10.000000,0.497030,
F1,λ = 0.1 (T=3),1.000000,0.988387,
F1,λ = 0.1 (T=3),2.000000,0.972602,
F1,λ = 0.1 (T=3),3.000000,0.913039,
F1,λ = 0.1 (T=3),4.000000,0.883602,
F1,λ = 0.1 (T=3),5.000000,0.806043,
F1,λ = 0.1 (T=3),6.000000,0.762997,
F1,λ = 0.1 (T=3),7.000000,0.727294,
F1,λ = 0.1 (T=3),8.000000,0.660743,
F1,λ = 0.1 (T=3),9.000000,0.588433,
F1,λ = 0.1 (T=3),10.000000,0.505233,
F1,λ = RL,1.000000,0.995206,
F1,λ = RL,2.000000,0.969453,
F1,λ = RL,3.000000,0.946938,
F1,λ = RL,4.000000,0.886419,
F1,λ = RL,5.000000,0.841453,
F1,λ = RL,6.000000,0.813915,
F1,λ = RL,7.000000,0.759634,
F1,λ = RL,8.000000,0.673381,
F1,λ = RL,9.000000,0.657004,
F1,λ = RL,10.000000,0.634521,
Loc_MedianAE,Noisy,1.000000,0.292297,0.9854719089708422
Loc_MedianAE,Noisy,2.000000,0.325424,0.94351315655796
Loc_MedianAE,Noisy,3.000000,0.339209,0.8441532053235802
Loc_MedianAE,Noisy,4.000000,0.370723,0.8433404449862847
Loc_MedianAE,Noisy,5.000000,0.409648,0.842832469775475
Loc_MedianAE,Noisy,6.000000,0.436601,0.8485217921365438
Loc_MedianAE,Noisy,7.000000,0.472485,0.851671238443564
Loc_MedianAE,Noisy,8.000000,0.506931,0.8555318500457177
Loc_MedianAE,Noisy,9.000000,0.540422,0.8526871888651834
Loc_MedianAE,Noisy,10.000000,0.562710,0.8507568830641065
Loc_MedianAE,N2V,1.000000,0.330021,0.9702326526465509
Loc_MedianAE,N2V,2.000000,0.363112,0.9633241897795387
Loc_MedianAE,N2V,3.000000,0.391094,0.9560093467438789
Loc_MedianAE,N2V,4.000000,0.398419,0.8214975109214671
Loc_MedianAE,N2V,5.000000,0.428902,0.8058518744285279
Loc_MedianAE,N2V,6.000000,0.456830,0.7876663618815402
Loc_MedianAE,N2V,7.000000,0.454148,0.5756375088895662
Loc_MedianAE,N2V,8.000000,0.475971,0.558366351722036
Loc_MedianAE,N2V,9.000000,0.495834,0.5479020623793559
Loc_MedianAE,N2V,10.000000,0.514157,0.5268718886518338
Loc_MedianAE,PN2V,1.000000,0.284451,0.9519455450574011
Loc_MedianAE,PN2V,2.000000,0.336448,0.920349486945037
Loc_MedianAE,PN2V,3.000000,0.374924,0.8968810322056283
Loc_MedianAE,PN2V,4.000000,0.412062,0.8774763791526974
Loc_MedianAE,PN2V,5.000000,0.451986,0.8574621558467946
Loc_MedianAE,PN2V,6.000000,0.422849,0.49690135121406076
Loc_MedianAE,PN2V,7.000000,0.452360,0.4758711774865387
Loc_MedianAE,PN2V,8.000000,0.484290,0.46276541704764806
Loc_MedianAE,PN2V,9.000000,0.497708,0.45473940871685464
Loc_MedianAE,PN2V,10.000000,0.518476,0.4351315655795997
Loc_MedianAE,PPN2V,1.000000,0.282446,0.9570252971654983
Loc_MedianAE,PPN2V,2.000000,0.335511,0.9249212638423245
Loc_MedianAE,PPN2V,3.000000,0.374458,0.9036879000304785
Loc_MedianAE,PPN2V,4.000000,0.409097,0.8877374784110535
Loc_MedianAE,PPN2V,5.000000,0.413443,0.5903687900030479
Loc_MedianAE,PPN2V,6.000000,0.437517,0.5717768972874123
Loc_MedianAE,PPN2V,7.000000,0.468450,0.5513562938128619
Loc_MedianAE,PPN2V,8.000000,0.515551,0.5382505333739713
Loc_MedianAE,PPN2V,9.000000,0.530752,0.5360154424464086
Loc_MedianAE,PPN2V,10.000000,0.560007,0.5275830539469674
Loc_MedianAE,DeepCAD-RT,1.000000,0.620359,0.8430356598597989
Loc_MedianAE,DeepCAD-RT,2.000000,0.623733,0.7564766839378239
Loc_MedianAE,DeepCAD-RT,3.000000,0.624502,0.6743878898709743
Loc_MedianAE,DeepCAD-RT,4.000000,0.629111,0.6031697653154526
Loc_MedianAE,DeepCAD-RT,5.000000,0.633196,0.5426191201869349
Loc_MedianAE,DeepCAD-RT,6.000000,0.654772,0.5026922686172914
Loc_MedianAE,DeepCAD-RT,7.000000,0.644962,0.4535202682109113
Loc_MedianAE,DeepCAD-RT,8.000000,0.665125,0.41420298689423957
Loc_MedianAE,DeepCAD-RT,9.000000,0.681579,0.38453723458295236
Loc_MedianAE,DeepCAD-RT,10.000000,0.692710,0.3637102509397541
Loc_MedianAE,λ = 0.001 (T=1),1.000000,0.278713,0.17829929899420907
Loc_MedianAE,λ = 0.001 (T=1),2.000000,0.315186,0.10880829015544041
Loc_MedianAE,λ = 0.001 (T=1),3.000000,0.358041,0.07233567001930306
Loc_MedianAE,λ = 0.001 (T=1),4.000000,0.363109,0.05435334755663924
Loc_MedianAE,λ = 0.001 (T=1),5.000000,0.394864,0.04216194249720614
Loc_MedianAE,λ = 0.001 (T=1),6.000000,0.438571,0.03891090114802398
Loc_MedianAE,λ = 0.001 (T=1),7.000000,0.446653,0.03129127298587829
Loc_MedianAE,λ = 0.001 (T=1),8.000000,0.464320,0.024992380371837854
Loc_MedianAE,λ = 0.001 (T=1),9.000000,0.485833,0.02397642995021843
Loc_MedianAE,λ = 0.001 (T=1),10.000000,0.505815,0.023366859697246774
Loc_MedianAE,λ = 0.001 (T=3),1.000000,0.289332,0.2151782992989942
Loc_MedianAE,λ = 0.001 (T=3),2.000000,0.311068,0.10718276948084933
Loc_MedianAE,λ = 0.001 (T=3),3.000000,0.344388,0.05811236411663111
Loc_MedianAE,λ = 0.001 (T=3),4.000000,0.354261,0.03606623996748959
Loc_MedianAE,λ = 0.001 (T=3),5.000000,0.361641,0.021538148938331808
Loc_MedianAE,λ = 0.001 (T=3),6.000000,0.382074,0.016559991872396627
Loc_MedianAE,λ = 0.001 (T=3),7.000000,0.381598,0.01300416539672864
Loc_MedianAE,λ = 0.001 (T=3),8.000000,0.464131,0.00853398354160317
Loc_MedianAE,λ = 0.001 (T=3),9.000000,0.413215,0.0072132479934979175
Loc_MedianAE,λ = 0.001 (T=3),10.000000,0.399920,0.00528294219242101
Loc_MedianAE,λ = 0.1 (T=1),1.000000,0.305946,0.9950218429340648
Loc_MedianAE,λ = 0.1 (T=1),2.000000,0.340731,0.9591587930508991
Loc_MedianAE,λ = 0.1 (T=1),3.000000,0.354861,0.8461851061668191
Loc_MedianAE,λ = 0.1 (T=1),4.000000,0.383936,0.8251549324392969
Loc_MedianAE,λ = 0.1 (T=1),5.000000,0.410703,0.8106268414101392
Loc_MedianAE,λ = 0.1 (T=1),6.000000,0.404087,0.6393376003251041
Loc_MedianAE,λ = 0.1 (T=1),7.000000,0.432683,0.6366961292288936
Loc_MedianAE,λ = 0.1 (T=1),8.000000,0.455283,0.6280605506451286
Loc_MedianAE,λ = 0.1 (T=1),9.000000,0.475367,0.6254190795489181
Loc_MedianAE,λ = 0.1 (T=1),10.000000,0.498356,0.629076501066748
Loc_MedianAE,λ = 0.1 (T=3),1.000000,0.305897,0.9944122726810931
Loc_MedianAE,λ = 0.1 (T=3),2.000000,0.342711,0.957533272376308
Loc_MedianAE,λ = 0.1 (T=3),3.000000,0.356865,0.8437468251549325
Loc_MedianAE,λ = 0.1 (T=3),4.000000,0.386192,0.8263740729452402
Loc_MedianAE,λ = 0.1 (T=3),5.000000,0.408809,0.8076805851874429
Loc_MedianAE,λ = 0.1 (T=3),6.000000,0.402712,0.6389312201564563
Loc_MedianAE,λ = 0.1 (T=3),7.000000,0.433040,0.6353753936807883
Loc_MedianAE,λ = 0.1 (T=3),8.000000,0.454812,0.6232855836635173
Loc_MedianAE,λ = 0.1 (T=3),9.000000,0.475098,0.6232855836635173
Loc_MedianAE,λ = 0.1 (T=3),10.000000,0.494345,0.6228792034948695
Loc_MedianAE,λ = RL,1.000000,0.298714,0.9912628263740729
Loc_MedianAE,λ = RL,2.000000,0.327818,0.9414812557147211
Loc_MedianAE,λ = RL,3.000000,0.357256,0.9183175861017983
Loc_MedianAE,λ = RL,4.000000,0.384696,0.8995225033018389
Loc_MedianAE,λ = RL,5.000000,0.384101,0.7378847912221883
Loc_MedianAE,λ = RL,6.000000,0.404131,0.7249822208676217
Loc_MedianAE,λ = RL,7.000000,0.436589,0.7249822208676217
Loc_MedianAE,λ = RL,8.000000,0.413433,0.52301127704968
Loc_MedianAE,λ = RL,9.000000,0.433115,0.5227064919231942
Loc_MedianAE,λ = RL,10.000000,0.448196,0.5120390124961902
Phot_MedianAE,Noisy,1.000000,728.031112,0.9854719089708422
Phot_MedianAE,Noisy,2.000000,714.607841,0.94351315655796
Phot_MedianAE,Noisy,3.000000,704.470934,0.8441532053235802
Phot_MedianAE,Noisy,4.000000,696.691547,0.8433404449862847
Phot_MedianAE,Noisy,5.000000,694.898216,0.842832469775475
Phot_MedianAE,Noisy,6.000000,690.155993,0.8485217921365438
Phot_MedianAE,Noisy,7.000000,684.164163,0.851671238443564
Phot_MedianAE,Noisy,8.000000,682.525877,0.8555318500457177
Phot_MedianAE,Noisy,9.000000,681.859818,0.8526871888651834
Phot_MedianAE,Noisy,10.000000,677.016041,0.8507568830641065
Phot_MedianAE,N2V,1.000000,824.890737,0.9702326526465509
Phot_MedianAE,N2V,2.000000,824.428288,0.9633241897795387
Phot_MedianAE,N2V,3.000000,825.505182,0.9560093467438789
Phot_MedianAE,N2V,4.000000,824.782555,0.8214975109214671
Phot_MedianAE,N2V,5.000000,827.248890,0.8058518744285279
Phot_MedianAE,N2V,6.000000,825.320695,0.7876663618815402
Phot_MedianAE,N2V,7.000000,825.763096,0.5756375088895662
Phot_MedianAE,N2V,8.000000,823.333185,0.558366351722036
Phot_MedianAE,N2V,9.000000,822.887569,0.5479020623793559
Phot_MedianAE,N2V,10.000000,821.556569,0.5268718886518338
Phot_MedianAE,PN2V,1.000000,835.679360,0.9519455450574011
Phot_MedianAE,PN2V,2.000000,839.244379,0.920349486945037
Phot_MedianAE,PN2V,3.000000,841.695697,0.8968810322056283
Phot_MedianAE,PN2V,4.000000,841.894043,0.8774763791526974
Phot_MedianAE,PN2V,5.000000,844.217958,0.8574621558467946
Phot_MedianAE,PN2V,6.000000,846.029495,0.49690135121406076
Phot_MedianAE,PN2V,7.000000,847.839344,0.4758711774865387
Phot_MedianAE,PN2V,8.000000,844.765088,0.46276541704764806
Phot_MedianAE,PN2V,9.000000,846.562450,0.45473940871685464
Phot_MedianAE,PN2V,10.000000,844.611461,0.4351315655795997
Phot_MedianAE,PPN2V,1.000000,826.705816,0.9570252971654983
Phot_MedianAE,PPN2V,2.000000,830.292659,0.9249212638423245
Phot_MedianAE,PPN2V,3.000000,834.348602,0.9036879000304785
Phot_MedianAE,PPN2V,4.000000,834.806177,0.8877374784110535
Phot_MedianAE,PPN2V,5.000000,836.639071,0.5903687900030479
Phot_MedianAE,PPN2V,6.000000,836.123529,0.5717768972874123
Phot_MedianAE,PPN2V,7.000000,837.181864,0.5513562938128619
Phot_MedianAE,PPN2V,8.000000,832.808023,0.5382505333739713
Phot_MedianAE,PPN2V,9.000000,832.589304,0.5360154424464086
Phot_MedianAE,PPN2V,10.000000,829.436282,0.5275830539469674
Phot_MedianAE,DeepCAD-RT,1.000000,859.124503,0.8430356598597989
Phot_MedianAE,DeepCAD-RT,2.000000,862.531686,0.7564766839378239
Phot_MedianAE,DeepCAD-RT,3.000000,867.516924,0.6743878898709743
Phot_MedianAE,DeepCAD-RT,4.000000,871.767212,0.6031697653154526
Phot_MedianAE,DeepCAD-RT,5.000000,877.474442,0.5426191201869349
Phot_MedianAE,DeepCAD-RT,6.000000,877.297690,0.5026922686172914
Phot_MedianAE,DeepCAD-RT,7.000000,882.397043,0.4535202682109113
Phot_MedianAE,DeepCAD-RT,8.000000,882.247600,0.41420298689423957
Phot_MedianAE,DeepCAD-RT,9.000000,886.906191,0.38453723458295236
Phot_MedianAE,DeepCAD-RT,10.000000,883.301004,0.3637102509397541
Phot_MedianAE,λ = 0.001 (T=1),1.000000,941.964780,0.17829929899420907
Phot_MedianAE,λ = 0.001 (T=1),2.000000,936.910363,0.10880829015544041
Phot_MedianAE,λ = 0.001 (T=1),3.000000,943.037264,0.07233567001930306
Phot_MedianAE,λ = 0.001 (T=1),4.000000,940.424438,0.05435334755663924
Phot_MedianAE,λ = 0.001 (T=1),5.000000,951.771498,0.04216194249720614
Phot_MedianAE,λ = 0.001 (T=1),6.000000,936.396519,0.03891090114802398
Phot_MedianAE,λ = 0.001 (T=1),7.000000,936.700897,0.03129127298587829
Phot_MedianAE,λ = 0.001 (T=1),8.000000,937.384060,0.024992380371837854
Phot_MedianAE,λ = 0.001 (T=1),9.000000,938.345509,0.02397642995021843
Phot_MedianAE,λ = 0.001 (T=1),10.000000,940.188301,0.023366859697246774
Phot_MedianAE,λ = 0.001 (T=3),1.000000,934.168214,0.2151782992989942
Phot_MedianAE,λ = 0.001 (T=3),2.000000,940.993084,0.10718276948084933
Phot_MedianAE,λ = 0.001 (T=3),3.000000,947.400866,0.05811236411663111
Phot_MedianAE,λ = 0.001 (T=3),4.000000,957.855741,0.03606623996748959
Phot_MedianAE,λ = 0.001 (T=3),5.000000,952.410799,0.021538148938331808
Phot_MedianAE,λ = 0.001 (T=3),6.000000,962.584017,0.016559991872396627
Phot_MedianAE,λ = 0.001 (T=3),7.000000,975.047070,0.01300416539672864
Phot_MedianAE,λ = 0.001 (T=3),8.000000,976.397327,0.00853398354160317
Phot_MedianAE,λ = 0.001 (T=3),9.000000,958.433687,0.0072132479934979175
Phot_MedianAE,λ = 0.001 (T=3),10.000000,1007.109682,0.00528294219242101
Phot_MedianAE,λ = 0.1 (T=1),1.000000,729.807103,0.9950218429340648
Phot_MedianAE,λ = 0.1 (T=1),2.000000,714.554131,0.9591587930508991
Phot_MedianAE,λ = 0.1 (T=1),3.000000,699.397723,0.8461851061668191
Phot_MedianAE,λ = 0.1 (T=1),4.000000,689.330843,0.8251549324392969
Phot_MedianAE,λ = 0.1 (T=1),5.000000,681.345509,0.8106268414101392
Phot_MedianAE,λ = 0.1 (T=1),6.000000,664.710809,0.6393376003251041
Phot_MedianAE,λ = 0.1 (T=1),7.000000,658.297294,0.6366961292288936
Phot_MedianAE,λ = 0.1 (T=1),8.000000,652.457656,0.6280605506451286
Phot_MedianAE,λ = 0.1 (T=1),9.000000,655.120974,0.6254190795489181
Phot_MedianAE,λ = 0.1 (T=1),10.000000,645.298262,0.629076501066748
Phot_MedianAE,λ = 0.1 (T=3),1.000000,724.611279,0.9944122726810931
Phot_MedianAE,λ = 0.1 (T=3),2.000000,710.006901,0.957533272376308
Phot_MedianAE,λ = 0.1 (T=3),3.000000,694.815924,0.8437468251549325
Phot_MedianAE,λ = 0.1 (T=3),4.000000,686.449149,0.8263740729452402
Phot_MedianAE,λ = 0.1 (T=3),5.000000,677.905547,0.8076805851874429
Phot_MedianAE,λ = 0.1 (T=3),6.000000,663.233356,0.6389312201564563
Phot_MedianAE,λ = 0.1 (T=3),7.000000,655.986407,0.6353753936807883
Phot_MedianAE,λ = 0.1 (T=3),8.000000,653.871263,0.6232855836635173
Phot_MedianAE,λ = 0.1 (T=3),9.000000,652.444622,0.6232855836635173
Phot_MedianAE,λ = 0.1 (T=3),10.000000,645.146675,0.6228792034948695
Phot_MedianAE,λ = RL,1.000000,748.618643,0.9912628263740729
Phot_MedianAE,λ = RL,2.000000,736.718397,0.9414812557147211
Phot_MedianAE,λ = RL,3.000000,729.327431,0.9183175861017983
Phot_MedianAE,λ = RL,4.000000,719.810152,0.8995225033018389
Phot_MedianAE,λ = RL,5.000000,710.905573,0.7378847912221883
Phot_MedianAE,λ = RL,6.000000,704.010496,0.7249822208676217
Phot_MedianAE,λ = RL,7.000000,695.204590,0.7249822208676217
Phot_MedianAE,λ = RL,8.000000,682.471514,0.52301127704968
Phot_MedianAE,λ = RL,9.000000,682.595552,0.5227064919231942
Phot_MedianAE,λ = RL,10.000000,675.452049,0.5120390124961902
