panel,metric,method,stack,n,median,q1,q3,iqr,censored_fraction,relative_pct
A,bg,Noisy,19_Green,10000,61.527900,54.114900,69.682200,15.567300,0.000000,
A,bg,Noisy,20_Green,9999,58.562700,51.891000,66.717000,14.826000,0.000000,
A,bg,Noisy,29_Green,10000,83.025600,74.130000,94.145100,20.015100,0.000000,
A,bg,Noisy,30_Green,10000,57.821400,51.149700,65.234400,14.084700,0.000000,
A,bg,N2V,19_Green,10000,37.065000,29.652000,45.219300,15.567300,0.000000,
A,bg,N2V,20_Green,9999,34.099800,28.169400,42.254100,14.084700,0.000000,
A,bg,N2V,29_Green,10000,55.597500,45.960600,67.458300,21.497700,0.000000,
A,bg,N2V,30_Green,10000,34.099800,28.169400,41.512800,13.343400,0.000000,
A,bg,PN2V,19_Green,10000,37.065000,29.652000,46.701900,17.049900,0.000000,
A,bg,PN2V,20_Green,9999,34.099800,28.169400,42.995400,14.826000,0.000000,
A,bg,PN2V,29_Green,10000,52.632300,43.736700,64.493100,20.756400,0.000000,
A,bg,PN2V,30_Green,10000,33.358500,27.428100,41.512800,14.084700,0.000000,
A,bg,PPN2V,19_Green,10000,30.393300,24.462900,39.288900,14.826000,0.000000,
A,bg,PPN2V,20_Green,9999,28.169400,22.980300,35.582400,12.602100,0.000000,
A,bg,PPN2V,29_Green,10000,44.478000,35.582400,55.597500,20.015100,0.000000,
A,bg,PPN2V,30_Green,10000,28.169400,22.239000,34.841100,12.602100,0.000000,
A,bg,DeepCAD-RT,19_Green,10000,15.567300,10.378200,24.462900,14.084700,0.000000,
A,bg,DeepCAD-RT,20_Green,9999,13.343400,8.895600,20.756400,11.860800,0.000000,
A,bg,DeepCAD-RT,29_Green,10000,23.721600,14.826000,36.323700,21.497700,0.000000,
A,bg,DeepCAD-RT,30_Green,10000,14.826000,9.636900,22.980300,13.343400,0.000000,
A,bg,λ = 0.001 (T=1),19_Green,10000,2.965200,2.223900,3.706500,1.482600,0.000200,
A,bg,λ = 0.001 (T=1),20_Green,9999,2.965200,1.482600,2.965200,1.482600,0.000400,
A,bg,λ = 0.001 (T=1),29_Green,10000,4.447800,2.965200,5.930400,2.965200,0.000000,
A,bg,λ = 0.001 (T=1),30_Green,10000,2.965200,1.482600,2.965200,1.482600,0.000000,
A,bg,λ = 0.1 (T=1),19_Green,10000,63.010500,55.597500,71.906100,16.308600,0.000000,
A,bg,λ = 0.1 (T=1),20_Green,9999,60.786600,53.373600,68.199600,14.826000,0.000000,
A,bg,λ = 0.1 (T=1),29_Green,10000,83.766900,74.130000,94.886400,20.756400,0.000000,
A,bg,λ = 0.1 (T=1),30_Green,10000,59.304000,52.632300,66.717000,14.084700,0.000000,
A,bg,λ = RL,19_Green,10000,49.667100,37.065000,60.786600,23.721600,0.021900,
A,bg,λ = RL,20_Green,9999,22.239000,5.930400,40.771500,34.841100,0.169317,
A,bg,λ = RL,29_Green,10000,71.906100,57.080100,84.508200,27.428100,0.033300,
A,bg,λ = RL,30_Green,10000,48.925800,37.806300,57.821400,20.015100,0.019500,
B,loc,Noisy,19_Green,10000,0.187360,0.087525,0.521245,0.433720,,18.736587
B,loc,Noisy,20_Green,9999,0.175901,0.084672,0.480124,0.395453,,17.333187
B,loc,Noisy,29_Green,10000,0.247627,0.101774,0.745640,0.643866,,21.542099
B,loc,Noisy,30_Green,10000,0.141500,0.069445,0.358154,0.288709,,14.909579
B,loc,N2V,19_Green,10000,0.457534,0.248955,0.931936,0.682981,,45.754821
B,loc,N2V,20_Green,9999,0.431892,0.244170,0.886358,0.642188,,42.558481
B,loc,N2V,29_Green,10000,0.501661,0.269691,1.054378,0.784687,,43.641593
B,loc,N2V,30_Green,10000,0.373899,0.223159,0.717411,0.494252,,39.396923
B,loc,PN2V,19_Green,10000,0.403857,0.200728,0.879888,0.679160,,40.386974
B,loc,PN2V,20_Green,9999,0.363104,0.186045,0.806189,0.620144,,35.780104
B,loc,PN2V,29_Green,9997,0.577610,0.304491,1.091653,0.787162,,50.248754
B,loc,PN2V,30_Green,10000,0.315090,0.170056,0.663314,0.493258,,33.200340
B,loc,PPN2V,19_Green,10000,0.378108,0.178714,0.836988,0.658274,,37.811996
B,loc,PPN2V,20_Green,9999,0.343201,0.173581,0.792408,0.618826,,33.818900
B,loc,PPN2V,29_Green,10000,0.433546,0.195126,0.986251,0.791125,,37.716016
B,loc,PPN2V,30_Green,10000,0.287477,0.145322,0.622493,0.477171,,30.290791
B,loc,DeepCAD-RT,19_Green,10000,1.072265,0.565745,2.031785,1.466040,,107.229957
B,loc,DeepCAD-RT,20_Green,9999,1.010095,0.547533,1.860536,1.313004,,99.534394
B,loc,DeepCAD-RT,29_Green,10000,1.265053,0.660918,2.442795,1.781876,,110.052354
B,loc,DeepCAD-RT,30_Green,10000,0.794046,0.395514,1.514036,1.118522,,83.666934
B,loc,λ = 0.001 (T=1),19_Green,10000,0.707810,0.361377,1.306939,0.945562,,70.783273
B,loc,λ = 0.001 (T=1),20_Green,9999,0.653315,0.345289,1.224740,0.879451,,64.377424
B,loc,λ = 0.001 (T=1),29_Green,10000,0.733713,0.377378,1.428796,1.051418,,63.828803
B,loc,λ = 0.001 (T=1),30_Green,10000,0.566767,0.294991,1.062489,0.767498,,59.719035
B,loc,λ = 0.1 (T=1),19_Green,10000,0.196437,0.089188,0.571999,0.482811,,19.644345
B,loc,λ = 0.1 (T=1),20_Green,9999,0.184886,0.086274,0.522833,0.436559,,18.218604
B,loc,λ = 0.1 (T=1),29_Green,10000,0.264553,0.106351,0.776329,0.669977,,23.014613
B,loc,λ = 0.1 (T=1),30_Green,9999,0.145343,0.069459,0.385821,0.316362,,15.314453
B,loc,λ = RL,19_Green,9998,0.187059,0.095450,0.491021,0.395570,,18.706473
B,loc,λ = RL,20_Green,9998,0.177866,0.091300,0.431281,0.339981,,17.526894
B,loc,λ = RL,29_Green,10000,0.246108,0.107157,0.712819,0.605662,,21.409986
B,loc,λ = RL,30_Green,9999,0.147617,0.079863,0.343015,0.263152,,15.554073
C,phot,N2V,19_Green,10000,97.340790,36.153686,203.991053,167.837367,,24.886363
C,phot,N2V,20_Green,9999,88.741013,33.866139,184.351792,150.485653,,23.771949
C,phot,N2V,29_Green,10000,74.205208,29.528693,185.346302,155.817609,,15.333669
C,phot,N2V,30_Green,10000,111.337000,41.531669,226.750253,185.218584,,28.273062
C,phot,PN2V,19_Green,10000,100.645216,31.432742,233.015728,201.582987,,25.731180
C,phot,PN2V,20_Green,9999,87.009717,27.534555,197.536962,170.002408,,23.308169
C,phot,PN2V,29_Green,9997,151.539318,59.016915,291.864196,232.847281,,31.313891
C,phot,PN2V,30_Green,10000,102.671144,33.902290,232.562342,198.660053,,26.072444
C,phot,PPN2V,19_Green,10000,101.760461,42.197587,201.994286,159.796699,,26.016306
C,phot,PPN2V,20_Green,9999,93.050883,39.733640,181.016473,141.282833,,24.926477
C,phot,PPN2V,29_Green,10000,83.798078,32.979682,194.911275,161.931593,,17.315927
C,phot,PPN2V,30_Green,10000,113.623707,48.324416,220.796364,172.471948,,28.853752
C,phot,DeepCAD-RT,19_Green,10000,263.341899,178.158735,390.551981,212.393246,,67.326576
C,phot,DeepCAD-RT,20_Green,9999,256.253512,177.597133,371.352844,193.755711,,68.645209
C,phot,DeepCAD-RT,29_Green,10000,305.035370,193.969642,484.796969,290.827327,,63.032119
C,phot,DeepCAD-RT,30_Green,10000,267.810383,180.368380,408.580553,228.212173,,68.008117
C,phot,λ = 0.001 (T=1),19_Green,10000,373.683308,267.478581,541.659216,274.180635,,95.536707
C,phot,λ = 0.001 (T=1),20_Green,9999,356.474213,261.500032,497.442283,235.942251,,95.492338
C,phot,λ = 0.001 (T=1),29_Green,10000,457.851696,303.053208,698.357398,395.304189,,94.609888
C,phot,λ = 0.001 (T=1),30_Green,10000,377.398549,274.689742,557.585759,282.896018,,95.837078
C,phot,λ = 0.1 (T=1),19_Green,10000,9.671925,4.165816,22.158415,17.992599,,2.472746
C,phot,λ = 0.1 (T=1),20_Green,9999,8.901061,3.894319,20.313320,16.419000,,2.384417
C,phot,λ = 0.1 (T=1),29_Green,10000,10.796744,4.759480,25.557099,20.797619,,2.231025
C,phot,λ = 0.1 (T=1),30_Green,9999,10.766126,4.517748,24.496211,19.978463,,2.733964
C,phot,λ = RL,19_Green,9998,19.271182,8.331778,39.221105,30.889327,,4.926913
C,phot,λ = RL,20_Green,9998,22.306440,10.098881,42.980098,32.881217,,5.975451
C,phot,λ = RL,29_Green,10000,25.240421,11.436426,50.267549,38.831124,,5.215648
C,phot,λ = RL,30_Green,9999,19.186574,8.307132,40.925782,32.618650,,4.872264
